{
	"id": "bc562faf-0cdd-5ab1-1638-7b32034b466e",
	"name": "sifi",
	"description": "",
	"order": [
		"8bf2d552-791e-747e-60c6-ab7168e43c95",
		"47d3c852-b558-f5e9-1811-2fb3c9d8e353",
		"00faf020-c4fd-7f4d-a902-8354b5300644",
		"fc194112-b817-b3eb-d980-a8a9adb69dc3",
		"02ffd29c-f690-45f4-3538-352df90aadf2"
	],
	"folders": [],
	"folders_order": [],
	"timestamp": 1511396970401,
	"owner": 0,
	"public": false,
	"requests": [
		{
			"id": "00faf020-c4fd-7f4d-a902-8354b5300644",
			"headers": "Content-Type: application/json\n",
			"headerData": [
				{
					"key": "Content-Type",
					"value": "application/json",
					"description": "",
					"enabled": true
				}
			],
			"url": "http://localhost:8080/garante/listado/12000",
			"queryParams": [],
			"pathVariables": {},
			"pathVariableData": [],
			"preRequestScript": null,
			"method": "GET",
			"collectionId": "bc562faf-0cdd-5ab1-1638-7b32034b466e",
			"data": [],
			"dataMode": "raw",
			"name": "garantes",
			"description": "",
			"descriptionFormat": "html",
			"time": 1511397114267,
			"version": 2,
			"responses": [],
			"tests": null,
			"currentHelper": "normal",
			"helperAttributes": {},
			"rawModeData": "{\r\n        \"idCredito\": 12000,\r\n        \"numOperacion\": \"\",\r\n        \"razonSocial\": \"\",\r\n        \"numId\": \"\",\r\n        \"apellidosNombres\": \"\"\r\n      }"
		},
		{
			"id": "02ffd29c-f690-45f4-3538-352df90aadf2",
			"headers": "Content-Type: application/json\n",
			"headerData": [
				{
					"key": "Content-Type",
					"value": "application/json",
					"description": "",
					"enabled": true
				}
			],
			"url": "http://localhost:8080/credito/convenio/12000",
			"queryParams": [],
			"pathVariables": {},
			"pathVariableData": [],
			"preRequestScript": null,
			"method": "GET",
			"collectionId": "bc562faf-0cdd-5ab1-1638-7b32034b466e",
			"data": [],
			"dataMode": "raw",
			"name": "convenio - creditoPropio",
			"description": "",
			"descriptionFormat": "html",
			"time": 1511397606487,
			"version": 2,
			"responses": [],
			"tests": null,
			"currentHelper": "normal",
			"helperAttributes": {},
			"rawModeData": "{\r\n        \"idCredito\": 12000,\r\n        \"numOperacion\": \"\",\r\n        \"razonSocial\": \"\",\r\n        \"numId\": \"\",\r\n        \"apellidosNombres\": \"\"\r\n      }"
		},
		{
			"id": "47d3c852-b558-f5e9-1811-2fb3c9d8e353",
			"headers": "Content-Type: application/json\n",
			"headerData": [
				{
					"key": "Content-Type",
					"value": "application/json",
					"description": "",
					"enabled": true
				}
			],
			"url": "http://localhost:8080/estado/listado/12000",
			"queryParams": [],
			"pathVariables": {},
			"pathVariableData": [],
			"preRequestScript": null,
			"method": "GET",
			"collectionId": "bc562faf-0cdd-5ab1-1638-7b32034b466e",
			"data": [],
			"dataMode": "raw",
			"name": "estado",
			"description": "",
			"descriptionFormat": "html",
			"time": 1511397062451,
			"version": 2,
			"responses": [],
			"tests": null,
			"currentHelper": "normal",
			"helperAttributes": {},
			"rawModeData": "{\r\n        \"idCredito\": 12000,\r\n        \"numOperacion\": \"\",\r\n        \"razonSocial\": \"\",\r\n        \"numId\": \"\",\r\n        \"apellidosNombres\": \"\"\r\n      }"
		},
		{
			"id": "8bf2d552-791e-747e-60c6-ab7168e43c95",
			"headers": "Content-Type: application/json\n",
			"headerData": [
				{
					"key": "Content-Type",
					"value": "application/json",
					"description": "",
					"enabled": true
				}
			],
			"url": "http://localhost:8080/credito/listado",
			"queryParams": [],
			"pathVariables": {},
			"pathVariableData": [],
			"preRequestScript": null,
			"method": "POST",
			"collectionId": "bc562faf-0cdd-5ab1-1638-7b32034b466e",
			"data": [],
			"dataMode": "raw",
			"name": "http://localhost:8080/credito/listado",
			"description": "",
			"descriptionFormat": "html",
			"time": 1511396978491,
			"version": 2,
			"responses": [],
			"tests": null,
			"currentHelper": "normal",
			"helperAttributes": {},
			"rawModeData": "{\r\n        \"idCredito\": 12000,\r\n        \"numOperacion\": \"\",\r\n        \"razonSocial\": \"\",\r\n        \"numId\": \"\",\r\n        \"apellidosNombres\": \"\"\r\n      }"
		},
		{
			"id": "fc194112-b817-b3eb-d980-a8a9adb69dc3",
			"headers": "Content-Type: application/json\n",
			"headerData": [
				{
					"key": "Content-Type",
					"value": "application/json",
					"description": "",
					"enabled": true
				}
			],
			"url": "http://localhost:8080/tabla/listado",
			"queryParams": [],
			"pathVariables": {},
			"pathVariableData": [],
			"preRequestScript": null,
			"method": "POST",
			"collectionId": "bc562faf-0cdd-5ab1-1638-7b32034b466e",
			"data": [],
			"dataMode": "raw",
			"name": "tabla listado por fecha",
			"description": "",
			"descriptionFormat": "html",
			"time": 1511397428816,
			"version": 2,
			"responses": [],
			"tests": null,
			"currentHelper": "normal",
			"helperAttributes": {},
			"rawModeData": "{\r\n      \"idCredito\": 12000,\r\n      \"fCorte\": \"2017-11-22\"\r\n    }"
		}
	]
}